INSERT INTO Monster (name, healthpoints) VALUES ('Fish', 5);
INSERT INTO Monster (name, healthpoints) VALUES ('Rat', 10);
INSERT INTO Monster (name, healthpoints) VALUES ('Bug', 10);
INSERT INTO Monster (name, healthpoints) VALUES ('SyntaxSlayer', 15);
INSERT INTO Monster (name, healthpoints) VALUES ('Deadline', 15);
INSERT INTO Monster (name, healthpoints) VALUES ('Chicken', 20);
INSERT INTO Monster (name, healthpoints) VALUES ('Vilescorpion', 25);
INSERT INTO Monster (name, healthpoints) VALUES ('Bytebiter', 25);
INSERT INTO Monster (name, healthpoints) VALUES ('Datafiend', 25);
INSERT INTO Monster (name, healthpoints) VALUES ('Firewallphantom', 25);
INSERT INTO Monster (name, healthpoints) VALUES ('Malwareserpent', 25);
INSERT INTO Monster (name, healthpoints) VALUES ('Cryptowraith', 25);
INSERT INTO Monster (name, healthpoints) VALUES ('Syntaxdaemon', 30);
INSERT INTO Monster (name, healthpoints) VALUES ('Malfunctionmare', 45);
INSERT INTO Monster (name, healthpoints) VALUES ('Dire_Rat', 50);
INSERT INTO Monster (name, healthpoints) VALUES ('Dire_Fish', 50);
INSERT INTO Monster (name, healthpoints) VALUES ('Dire_Chicken', 50);
INSERT INTO Monster (name, healthpoints) VALUES ('Bytebane', 55);
INSERT INTO Monster (name, healthpoints) VALUES ('Bugtitan', 60);
INSERT INTO Monster (name, healthpoints) VALUES ('NERD', 70);
INSERT INTO Monster (name, healthpoints) VALUES ('Math_Exam', 80);
INSERT INTO Monster (name, healthpoints) VALUES ('Virustitan', 85);
INSERT INTO Monster (name, healthpoints) VALUES ('Algorithmadragon', 95);
INSERT INTO Monster (name, healthpoints) VALUES ('Docent_Huub', 100);
INSERT INTO Monster (name, healthpoints) VALUES ('Docent_Gerke', 100);
INSERT INTO Monster (name, healthpoints) VALUES ('Docent_Michel', 100);
INSERT INTO Monster (name, healthpoints) VALUES ('Docent_Francine', 100);
INSERT INTO Monster (name, healthpoints) VALUES ('Docent_Michael', 100);
INSERT INTO Monster (name, healthpoints) VALUES ('Docent_Sander', 100);
INSERT INTO Monster (name, healthpoints) VALUES ('Docent_Hanneke', 100);
INSERT INTO Monster (name, healthpoints) VALUES ('Docent_Sjors', 100);
INSERT INTO Monster (name, healthpoints) VALUES ('Docent_Stephanie', 100);

INSERT INTO Item (idItem, name) VALUES (1, 'Fist'); -- attackmodifier: 0
INSERT INTO Item (idItem, name) VALUES (2, 'USB_Stick'); -- attackmodifier: 1
INSERT INTO Item (idItem, name) VALUES (3, 'Viral_Whip'); -- attackmodifier: 1
INSERT INTO Item (idItem, name) VALUES (4, 'Stick'); -- attackmodifier: 2
INSERT INTO Item (idItem, name) VALUES (5, 'Big_Stick'); -- attackmodifier: 2
INSERT INTO Item (idItem, name) VALUES (6, 'AI_Sword'); -- attackmodifier: 2
INSERT INTO Item (idItem, name) VALUES (7, 'Virus_Staff'); -- attackmodifier: 2
INSERT INTO Item (idItem, name) VALUES (8, 'Nano_Rifle'); -- attackmodifier: 3
INSERT INTO Item (idItem, name) VALUES (9, 'Circuit_Blade'); -- attackmodifier: 3
INSERT INTO Item (idItem, name) VALUES (10, 'Error_Ender'); -- attackmodifier: 3
INSERT INTO Item (idItem, name) VALUES (11, 'Call_Stack_Cutlass'); -- attackmodifier: 3
INSERT INTO Item (idItem, name) VALUES (12, 'Byte_Sword'); -- attackmodifier: 4
INSERT INTO Item (idItem, name) VALUES (13, 'Laser_Blaster'); -- attackmodifier: 4
INSERT INTO Item (idItem, name) VALUES (14, 'Cyber_Bow'); -- attackmodifier: 5
INSERT INTO Item (idItem, name) VALUES (15, 'Ion_Cannon'); -- attackmodifier: 5
INSERT INTO Item (idItem, name) VALUES (16, 'Algorithm_Axe'); -- attackmodifier: 5
INSERT INTO Item (idItem, name) VALUES (17, 'Bug_Blaster'); -- attackmodifier: 6
INSERT INTO Item (idItem, name) VALUES (18, 'Calculus_Cleaver'); -- attackmodifier: 6
INSERT INTO Item (idItem, name) VALUES (19, 'Syntax_Saber'); -- attackmodifier: 7
INSERT INTO Item (idItem, name) VALUES (20, 'Sick_Note'); -- attackmodifier: 8
INSERT INTO Item (idItem, name) VALUES (21, 'Scrum_Coffee_card'); -- attackmodifier: 8
INSERT INTO Item (idItem, name) VALUES (22, 'Plasma_Sword'); -- attackmodifier: 8
INSERT INTO Item (idItem, name) VALUES (23, 'Virus_Launcher'); -- attackmodifier: 9
INSERT INTO Item (idItem, name) VALUES (24, 'Boots_of_Butt_kicking'); -- attackmodifier: 10
INSERT INTO Item (idItem, name) VALUES (25, 'Recursive_Rapier'); -- attackmodifier: 10

INSERT INTO Item (idItem, name) VALUES (26, '1_Goldpiece');
INSERT INTO Item (idItem, name) VALUES (27, '2_Goldpieces');
INSERT INTO Item (idItem, name) VALUES (28, '3_Goldpieces');
INSERT INTO Item (idItem, name) VALUES (29, '4_Goldpieces');
INSERT INTO Item (idItem, name) VALUES (30, '5_Goldpieces');
INSERT INTO Item (idItem, name) VALUES (31, '6_Goldpieces');
INSERT INTO Item (idItem, name) VALUES (32, '7_Goldpieces');
INSERT INTO Item (idItem, name) VALUES (33, '8_Goldpieces');
INSERT INTO Item (idItem, name) VALUES (34, '9_Goldpieces');
INSERT INTO Item (idItem, name) VALUES (35, '10_Goldpieces');

INSERT INTO Item (idItem, name) VALUES (36, 'small_Potion'); -- HealthPoints: 5
INSERT INTO Item (idItem, name) VALUES (37, 'medium_Potion'); -- HealthPoints: 10
INSERT INTO Item (idItem, name) VALUES (38, 'large_Potion'); -- HealthPoints: 15
INSERT INTO Item (idItem, name) VALUES (39, 'greater_Potion'); -- HealthPoints: 20
INSERT INTO Item (idItem, name) VALUES (40, 'superior_Potion'); -- HealthPoints: 25

INSERT INTO Item (idItem, name) VALUES (41, 'small_Trap'); -- damagePoints: 5
INSERT INTO Item (idItem, name) VALUES (42, 'normal_Trap'); -- damagePoints: 10
INSERT INTO Item (idItem, name) VALUES (43, 'big_Trap'); -- damagePoints: 15

INSERT INTO Item (idItem, name) VALUES (44, 'nothing');

INSERT INTO Weapon (idItem, attackmodifier) VALUES (1,0);
INSERT INTO Weapon (idItem, attackmodifier) VALUES (2,1);
INSERT INTO Weapon (idItem, attackmodifier) VALUES (3,1);
INSERT INTO Weapon (idItem, attackmodifier) VALUES (4,2);
INSERT INTO Weapon (idItem, attackmodifier) VALUES (5,2);
INSERT INTO Weapon (idItem, attackmodifier) VALUES (6,2);
INSERT INTO Weapon (idItem, attackmodifier) VALUES (7,2);
INSERT INTO Weapon (idItem, attackmodifier) VALUES (8,3);
INSERT INTO Weapon (idItem, attackmodifier) VALUES (9,3);
INSERT INTO Weapon (idItem, attackmodifier) VALUES (10,3);
INSERT INTO Weapon (idItem, attackmodifier) VALUES (11,3);
INSERT INTO Weapon (idItem, attackmodifier) VALUES (12,4);
INSERT INTO Weapon (idItem, attackmodifier) VALUES (13,4);
INSERT INTO Weapon (idItem, attackmodifier) VALUES (14,5);
INSERT INTO Weapon (idItem, attackmodifier) VALUES (15,5);
INSERT INTO Weapon (idItem, attackmodifier) VALUES (16,5);
INSERT INTO Weapon (idItem, attackmodifier) VALUES (17,6);
INSERT INTO Weapon (idItem, attackmodifier) VALUES (18,6);
INSERT INTO Weapon (idItem, attackmodifier) VALUES (19,7);
INSERT INTO Weapon (idItem, attackmodifier) VALUES (20,8);
INSERT INTO Weapon (idItem, attackmodifier) VALUES (21,8);
INSERT INTO Weapon (idItem, attackmodifier) VALUES (22,8);
INSERT INTO Weapon (idItem, attackmodifier) VALUES (23,9);
INSERT INTO Weapon (idItem, attackmodifier) VALUES (24,10);
INSERT INTO Weapon (idItem, attackmodifier) VALUES (25,10);

INSERT INTO Gold (idItem, value) VALUES (26, 1);
INSERT INTO Gold (idItem, value) VALUES (27, 2);
INSERT INTO Gold (idItem, value) VALUES (28, 3);
INSERT INTO Gold (idItem, value) VALUES (29, 4);
INSERT INTO Gold (idItem, value) VALUES (30, 5);
INSERT INTO Gold (idItem, value) VALUES (31, 6);
INSERT INTO Gold (idItem, value) VALUES (32, 7);
INSERT INTO Gold (idItem, value) VALUES (33, 8);
INSERT INTO Gold (idItem, value) VALUES (34, 9);
INSERT INTO Gold (idItem, value) VALUES (35, 10);

INSERT INTO Potion (idItem, healthPoints) VALUES (36, 5);
INSERT INTO Potion (idItem, healthPoints) VALUES (37, 10);
INSERT INTO Potion (idItem, healthPoints) VALUES (38, 15);
INSERT INTO Potion (idItem, healthPoints) VALUES (39, 20);
INSERT INTO Potion (idItem, healthPoints) VALUES (40, 25);

INSERT INTO Trap (idItem, damagePoints) VALUES (41, 5);
INSERT INTO Trap (idItem, damagePoints) VALUES (42, 10);
INSERT INTO Trap (idItem, damagePoints) VALUES (43, 15);

INSERT INTO User (idUser, email, password, salt, isVerified, resetToken, jwtToken, highscore)
VALUES (1, 'gebruiker1@example.com', 'wachtwoord123', 'zout123', 1, '123456', 'jwttoken123', 100);
INSERT INTO User (idUser, email, password, salt, isVerified, resetToken, jwtToken, highscore)
VALUES (2, 'gebruiker2@example.com', 'wachtwoord456', 'zout456', 1, NULL, NULL, 150);
INSERT INTO User (idUser, email, password, salt, isVerified, resetToken, jwtToken, highscore)
VALUES (3, 'gebruiker3@example.com', 'wachtwoord789', 'zout789', 1, NULL, '234567', 200);
INSERT INTO User (idUser, email, password, salt, isVerified, resetToken, jwtToken, highscore)
VALUES (4, 'gebruiker4@example.com', 'wachtwoordabc', 'zoutabc', 0, NULL, NULL, 0);

INSERT INTO Crawler (idCrawler, name, healthPoints, kills, roomsVisited, gold, weapon, idUser)
VALUES (1, 'Crawler1', 100, 5, 10, 500, 1, 1);
INSERT INTO Crawler (idCrawler, name, healthPoints, kills, roomsVisited, gold, weapon, idUser)
VALUES (2, 'Crawler2', 80, 3, 8, 250, 2, 2);
INSERT INTO Crawler (idCrawler, name, healthPoints, kills, roomsVisited, gold, weapon, idUser)
VALUES (3, 'Crawler3', 100, 0, 15, 800, 25, 3);
INSERT INTO Crawler (idCrawler, name, healthPoints, kills, roomsVisited, gold, weapon, idUser)
VALUES (4, 'Crawler4', 100, 0, 0, 0, 1, 4);

